country,1975,1976,1977,1978,1979,1980,1981,1982,1983,1984,1985,1986,1987,1988,1989,1990,1991,1992,1993,1994,1995,1996,1997,1998,1999,2000,2001,2002,2003,2004,2005,2006,2007,2008,2009,2010,2011,2012,2013,2014,2015,2016,2017,2018,2019,2020,2021
Afghanistan,17.1,17.1,17.1,15.8,15.8,18.4,15,17.3,17.3,17.3,17.3,17.3,17.3,19.1,19.1,12.2,9.59,11.7,4.3,4.3,4.3,0,0,0,0,0,3.25,26.2,30.3,32,34,34,34.6,33.4,33.4,34,34,34,34,34,34,31.2,32.8,33.8,33.8,34.2,7.52
Angola,27.3,34,34,34,34,36.1,37.1,37,37,37.1,37.1,37.9,38.1,37.9,37.9,37.9,38.3,36.6,38.3,36.8,36.8,36.8,37,37.6,37.6,37.6,37.6,40.7,45,45.2,45.2,45.2,45.2,44.4,46.9,46.9,49,48.9,50.6,50.6,50.8,49.3,51.8,51.8,52.1,53.2,53
Albania,47.9,50.4,50.4,50.4,50.4,50.7,50.5,50.4,50.4,50.4,50.7,50.7,50.7,50.7,50.7,51.7,42.3,44.9,46.1,46.3,46.3,48.4,47.2,49.1,50.6,50.6,53,53.8,55.5,53.8,56.5,56.5,58.1,55.5,57.8,57.8,57.8,58,58.5,60.2,60.4,62.1,61,61.2,62,62,69
UAE,8.1,8.1,8.78,8.78,8.78,15.7,12.7,14.9,14.9,15.3,17.1,17.1,15.4,17.3,17.4,20.1,20.2,20.2,20.4,20.5,22.3,23.9,24.1,26,26,27.6,31.2,28.9,28.9,30.2,34.7,32.8,37.1,40,40,41.6,41.3,41.9,41.9,41.9,44.5,36.9,40.6,40.6,41.1,43.6,45.9
Argentina,48.4,42.8,42.8,43,43,43,43.2,40.4,49.7,55,57,57.2,59.6,59.6,59.8,59,59.8,66.7,69.2,67.6,68.5,68.5,69.1,69.1,68.8,68.8,71.3,71.3,73.5,75.6,75.6,73.9,77.6,76,77.6,77.6,77.6,77.6,75.6,75.6,76.1,76.5,77.1,74.2,75.3,77.6,76
Armenia,,,,,,,,,,,,,,,,,50,46.4,48.5,48.5,49,49,49,49,48.5,45.6,48.5,48.5,46.3,46.3,46.3,49.2,52.4,50.1,50.3,50.3,50.5,50.7,50.9,50.9,50.9,48.8,53,56,57.5,56.6,57.4
Australia,61.8,60.6,60.6,60.6,60.6,60.8,61,61,65.5,67.4,67.6,71.5,73.8,75.7,75.7,80.4,80.4,80.4,80.4,80.4,80.4,81,81.2,81.9,81.9,81.9,82.2,82.2,84,84,84,84,84.4,85.1,87.1,86.7,84.8,84.8,87.1,87.1,87.1,85.9,87.5,88.1,88.1,88.1,92.3
Austria,51.6,55.5,55.5,55.8,56,62,62.7,61,61,61,61.3,66,66,66,68,68.9,68.9,68.9,68.9,69.2,70.2,70.4,70.4,70.4,70.4,75,75,75.9,75.9,76.2,76.2,76.2,77.7,75.7,73.2,77.5,77.5,77.5,77.9,75,75,76.3,79.4,79.9,81,82.8,82.8
Azerbaijan,,,,,,,,,,,,,,,,,40.9,39.5,47.1,45.3,47.1,47.1,47.1,47.1,47.1,47.2,47.2,47.2,47.2,47.2,47.4,46.2,46.2,46.2,46.2,47,47,47,47.5,47.5,45.6,46.7,47.5,50,48.4,48.4,47.8
Burundi,30.1,30.1,31.5,31.5,31.5,31.5,34.6,38.5,37,37.7,39.2,39.5,37.4,37.4,39.1,37.4,37.4,42,46.8,46,47.3,47.4,47.4,47.9,47.9,49,49,49.3,49.3,49.3,55.3,54.6,54.7,55.8,55.9,53.6,53.6,53.6,53,54,54.1,48.8,56.6,56.1,54.2,53.2,51.6
Belgium,62.7,62.7,62.7,62.7,62.7,69.3,69.7,70.3,70.3,70.3,70.4,70.7,68.1,68.1,68.1,81.1,83,81.3,81.3,81.3,81.6,81.8,81.8,81.8,83,83.2,83.2,83.2,88.5,88.9,88.9,87,87,86.1,88.3,88.3,88.3,88.3,92.8,90.4,92.8,92.8,92.8,100,91.2,87.2,87.2
Benin,48.3,48.3,48.3,48.3,49.7,49.7,49.6,51.3,51.4,48.3,50.7,50.7,50.7,50.7,50.5,59.9,57.3,59.8,59.8,59.8,59.8,59.9,59.9,59.9,59.8,59.8,59.8,61.6,61.7,61.7,61.7,61.7,61.8,60.8,61.8,62.2,62,62,59.9,59.7,59.6,57.2,61.8,61.8,62.6,60.5,60.5
Burkina Faso,39.2,39.2,39.2,37.7,37.7,39.6,37.8,37.3,39.7,42.7,42.2,43.9,42.2,41.1,44.4,47.6,49.6,52,50.8,50.8,50.4,50.4,51.2,51.4,50.8,52.1,52.1,53.1,56.1,54.4,54.4,54.4,54.4,54.8,54.9,54.9,54.9,54.9,51.4,51.2,49.2,51.3,51.7,53.4,49.8,45.7,42.5
Bangladesh,41.9,42.1,42.1,42.1,42.4,42.4,41.2,37.6,37.9,38.4,38.4,43.7,43.7,43.9,44.2,45.9,45.2,45.2,45.2,45.4,45.4,45.2,45.2,45.2,45.2,46.5,45.1,45.1,43,43,47.5,46.7,51,46.7,51.1,51.1,51.4,51.4,50.3,50.3,49.8,48.6,46,45.3,46.6,46.6,46.6
Bulgaria,66.9,67.5,67.5,67.5,67.5,67.5,66.4,68.3,68.3,66.7,68.3,68.3,66.7,69,69,77.5,79.5,77.9,77.9,77.9,77.9,77.9,77.7,77.7,77.7,77.7,79.1,79.4,79.4,82.8,80.2,80.2,79.1,78.8,79.2,82,80.6,81.5,80.1,79.6,79.6,81.4,80.6,80.6,80.6,76.1,77.2
Bahrain,19.4,20.4,20.4,20.8,20.8,20.8,19.9,21,21,20.1,20.1,21.5,20.3,20.5,20.5,21.3,21.4,20,20,20.1,20.1,20.2,20.2,20.2,20.2,25.8,27.1,33.4,33.4,35.5,33.4,34,34,36,36,35.5,35.9,35.9,34.4,35.5,35.5,35.5,35.5,34.9,34.9,38.2,39.8
Bosnia and Herzegovina,,,,,,,,,,,,,,,,,,52.1,52.1,53.2,53.5,53.5,52.3,54.8,54.8,55.1,56.1,57.4,57.4,55.9,55.9,56,57.2,56,56.5,56.7,56.7,56.7,56.4,56.9,56.9,57.9,57.9,57.9,57.2,57.9,59.6
Belarus,,,,,,,,,,,,,,,,,60.6,55.4,59.9,62.5,62.5,62.5,62.9,62.9,63,64.2,64.2,64.2,64.2,69,66.8,66.8,68.7,69.7,69.7,67.2,67.2,66.5,66.5,67.1,67.4,70.3,73.5,70.9,74.2,70.6,63.7
Bolivia,23.8,23.8,23.8,23.8,24.2,25.6,21.2,24.4,28.1,28.4,32.4,32.4,32.4,32.4,34,35.5,35.5,35,35.6,36.3,38.8,40,41.4,41.4,43.2,43.6,43.6,44.2,44.2,44.2,45.3,50.7,52.1,51.8,53.1,56.3,56.1,56.1,56.1,57.6,57.6,54.8,59.4,56.6,60.7,63.6,59.3
Brazil,40.1,40.1,40.2,41.5,41.5,41.6,42.1,42.2,42.2,42.2,45.9,50,50.1,55.5,60.1,58.4,55.8,55.8,55.8,58.6,62,62.7,62.7,64.4,64.4,64.4,64.4,68.6,68.6,70.2,70.2,70.2,71.4,70.3,70.2,73.4,75.4,75.4,75.1,75.2,75.2,70.7,61.4,60.3,59.8,62.3,58.4
Barbados,66.3,66,66,66,66,68.3,68.3,68.3,68.3,68.3,68.5,68.5,68.5,68.5,68.8,71,71,71,71,71.5,71.9,71.9,71.9,71.9,71.9,71.9,71.8,71.8,74,72.3,72.3,74.2,72.3,72,72,72,72,72,72.5,72.5,72.5,72.5,73.6,75.7,75.7,77.1,78.8
Bhutan,32.9,32.9,32.9,32.9,32.9,34.4,36.5,35.1,35.1,35.1,35.1,35.1,35.1,35.1,35.1,37.7,37.1,37.1,37.1,37.1,38.8,39.1,39.6,41.1,42.9,46.5,48,48,48.1,50,51.1,50.1,48.5,54.6,52.5,56.2,55.6,54.1,57.6,56,56,62.1,57.7,59.8,56.5,58.9,61.4
Botswana,41.4,45.7,41.4,41.4,42.8,42.8,40.4,43.5,45.4,43.7,46.9,48.9,46.9,46.9,44.1,44.4,44.4,44.4,47.3,48.4,49.7,47.7,49.7,49.7,51.7,52,52,52,52,51.1,52.4,52.4,50.7,54.3,52.1,52.1,54.1,54.1,56.3,56.5,56.7,56.4,56.4,54.6,58,56.7,56.3
Central African Republic,33.6,33.6,33.6,33.6,33.6,37.7,34.4,36.3,36.3,34.4,36.3,36.3,34.1,36.1,36.1,37.8,37.8,37.8,40.1,40.1,40.1,42.4,42.4,43.2,43.2,44.6,44.6,44.6,40.1,44.8,43.8,43.8,43.8,45.4,43.6,45.2,45.6,45.6,44.5,45.8,48.3,45.5,45.3,47.8,44.8,44.9,44.5
Canada,58,59.2,62.3,62.3,62.3,62.4,63.1,67.6,69.3,68.5,69.7,70,68.8,70.4,69.3,73.3,71.1,71.1,72.7,76.2,76.2,76.2,78.7,78.7,78.7,81.9,81.9,81.9,83.4,83.6,82.1,79.7,76.7,78.7,79.3,79.3,78.3,78.3,78.3,78.3,80.2,82.4,84.3,84.3,89.1,81.5,79.8
Switzerland,57.2,57.4,57.4,57.4,58,59.2,61.3,61.3,61.3,61.3,62.7,62.7,63,63,63,68.2,68.6,68.6,68.7,68.7,68.9,69.1,69.1,70.3,70.3,75,75,75,78.3,78.5,78.5,72.8,74.5,75.1,74.5,75.7,75.9,75.9,75.9,75.9,76.3,75.1,75.1,76.5,76.9,84.4,84.4
Chile,23.9,23.9,26.5,26.5,26.5,28.6,28.6,32.3,32.3,32.3,32.5,32.5,32.5,32.5,30.8,46,46,46.6,44.7,46.9,46.9,46.6,47.4,47.4,47.4,59.1,59.3,59.3,59.3,59.3,61.3,61.3,61.7,61.7,61.1,61.1,61.1,61.1,61.5,64.5,63.6,59.8,61.4,60.6,61.4,62.8,61.8
China,44.3,44.7,44.7,43.7,43.7,46.4,46.5,46.5,46.5,46.7,46.7,45.1,45.1,45.1,45.1,46.1,46.1,46.4,46.4,46.4,46.4,46.4,46.4,46.6,46.6,47.6,47.6,47.6,47.8,47.7,47.7,47.9,46.1,48.3,46.5,49.5,50,49.7,49.4,49.5,49.6,49.8,50,50,50,50,48.8
Cote d'Ivoire,36.7,36.7,36.7,36.7,36.7,35.6,37.8,37.8,37.8,37.8,38.1,38.1,38.1,38.1,38.3,40.2,40.2,40.2,40.2,44.3,45,46.5,48.6,48.6,48.9,53.8,53.2,53.2,51.5,51.5,51.5,51.9,52.1,51.9,51.9,52.5,52.5,52.7,51.9,51.9,51.9,50.9,51.4,51.4,51.6,52.1,53.7
Cameroon,24.8,24.8,24.8,25.8,25.8,25.8,29.4,28.1,30.2,33.8,32.7,32.7,32.7,30.6,30.6,38,37.9,39.3,37.8,39.3,39.3,39.3,38.4,39.3,39.3,45.6,48,48.5,47.2,47.2,47.2,47.2,47.8,47.8,47.8,50.5,50.7,50.7,51.6,51.6,51.6,50.7,52.6,49.8,52,52.3,53.3
"Congo, Dem. Rep.",23.7,23.7,20.9,20.9,20.9,27.1,26.9,27.8,27.8,27.8,27.8,27.8,27,31.8,30.5,30.8,30.6,33.5,37.3,38.7,38.7,38.7,38.7,38.9,38.9,40.3,39,39,41.4,40.1,40.1,39.8,39.8,39.8,39.8,40.8,41,41.2,41.4,41.4,39.6,42.3,45.2,45.3,44.6,44.6,45.9
"Congo, Rep.",24.6,25.1,24.3,24.3,25.2,25.2,27.4,27.4,27.4,27.5,27.8,27.8,27.8,27.8,26.6,33.7,32.8,32.8,24,26.2,26.2,26.2,24.5,26.4,26.4,26.4,26.4,28.4,26.8,26.8,26.8,26.8,26.9,26.9,26.9,27.8,26.2,30.8,30.8,31,31,29.4,31.7,34.6,38.3,38.7,34.1
Colombia,31.9,31.9,31.9,31.9,31.9,34.4,34.8,34.6,34.6,33.4,34.6,35,33.8,33.8,35,40.4,52.3,53.2,53.5,53.5,53.5,54.4,54.4,54.6,54.6,54.9,54.9,54.9,54.9,54.9,54.9,52.7,54.3,52.7,52.7,54.1,54.1,54.1,54.1,54.8,54.8,53.8,53.8,54.7,54.7,50.6,49.2
Comoros,29.6,42.8,42.8,42.8,32.8,27.7,27.7,27.7,27.7,27.7,28.1,28.1,28.1,28.1,28.1,36.2,37.8,37.8,38.3,36.8,36.8,36.8,35.3,35.6,37.8,39.3,40,40,40.2,37.2,39.2,36.7,36.7,37.5,37,37.5,37.5,41.2,41.6,40.3,39.7,44.6,42.8,41,43.3,46.1,46.1
Cape Verde,39.5,43,43,43,43,43.9,43.9,44.2,44.2,44.2,44.2,44.2,44.5,44.5,44.5,44.5,43.3,43.6,46,46.3,47.6,47.9,47.9,47.9,47.9,49.1,49,52.9,52.9,53.1,53.1,53.7,54.1,57.6,56,56.2,56.4,60,60.2,59,60.5,56.3,57.1,57.1,57.3,56.8,59.6
Costa Rica,44.9,45.6,45.6,46,47.3,49.8,51.3,51.8,52.1,51.6,51.6,53.6,58.4,60.3,61.1,66,67.5,67.5,67.5,65.9,67.7,67.7,67.7,69.7,68.4,77,77,81,81,81,82.7,83.6,81.2,81.2,81.2,83.6,83.6,83.6,83.6,83.1,80.4,80.4,80.4,81,81,81,84.2
Cuba,57.2,58.6,58.6,58.6,65,65,63.9,64.1,64.1,64.1,64.1,67,65.9,66.5,66.8,70.8,68.6,68.8,67.9,67.9,68.2,68.2,68.5,69.1,69.1,69.4,69.4,71.6,72.3,71.3,71.3,73.6,71.6,71.4,74.4,71.1,73.3,73.3,71.6,71.6,71.6,68.3,68.9,69.1,74.2,72.9,72.9
Cyprus,41.4,43,43.3,43.3,43.6,45.8,44.2,46.1,46.1,44.5,44.3,46.2,46.2,46.2,46.2,52.4,56.9,56.9,55,55,55.3,55.4,55.4,57.2,57.2,61.9,62.5,62.5,60.9,64.9,66.7,64.9,66.8,67.9,67.7,68.1,66.2,65.1,64.8,65.2,65.2,70.9,70.1,70.6,66.4,72.3,66.9
Czech Republic,56.4,56.6,56.6,56.6,57,57,53.6,58.3,58.3,53.6,58.3,60.6,58.7,60.6,60.7,71.5,76.4,76,76.1,76.5,76.5,77.3,77.3,77.3,77.3,77.3,77.3,78.1,75.5,78.1,75.5,78.3,78.3,78.3,78.3,77.5,79.8,79.8,80.1,80.1,80.1,83.5,78.9,81.2,73.4,71.9,79.9
Germany,63.9,64,66,67.9,67.9,66.2,68,68,68.4,68.4,68.4,68.4,69.1,69.1,69.1,74.8,74.8,76.4,75,77,77,75.6,75.6,81.3,81.2,84.5,84.5,85.1,85.1,86.7,88.6,88.6,90.9,88.7,90.9,90.9,90.9,90.9,90.9,90.9,90.9,92,88.1,90.1,90.9,90.9,90.9
Djibouti,,,1.43,15.1,15.1,15.1,15.1,15.1,15.1,15.1,15.1,15.1,15.1,15.1,15.1,15.1,16.1,21.9,21.9,21.9,21.9,21.9,21.9,21.9,21.9,23,24.1,27.7,34,34,34,36.2,34.4,34.4,34.8,34.8,34.8,34.8,34.7,34.8,34.8,29.2,36.6,34.8,35.2,35.2,39
Denmark,82.9,82.9,83.1,88.9,90.1,90.1,87.4,89.6,87.6,87.6,87.6,87.6,88.5,91.6,91.6,92.4,92.4,92.4,92.4,92.4,92.4,92.4,92.4,94.4,94.4,94.4,94.4,94.4,94.4,97.9,92.9,91.2,94.4,97.9,97.9,97.9,97.9,97.9,97.9,97.9,97.9,97.9,97.9,97.9,97.9,97.9,97.9
Dominican Republic,23.3,23.3,23.3,23.1,31.4,31.4,37.2,35.1,35.1,35.1,35.5,37.6,37.6,38,38,40.1,40.1,40.5,40.5,37.3,37.5,38.5,46.6,47.2,47.3,47.3,47.3,47.7,47.7,47.7,47.7,48,48,48,48,48,48,48.4,50.4,50.4,49,43.5,47.1,47.1,52.9,49.7,56.3
Algeria,37.9,37.9,37,37,37.3,38.8,37.2,36.2,36.2,36.8,36.8,36.8,37.1,37.5,37.3,38.7,38.7,42.4,40.3,42.4,42.4,42.4,41.7,41.9,41.9,45.1,45.1,45.7,45.7,43.8,45.7,45.9,45.9,47.4,46.9,48.3,47.9,52.7,55.8,57.1,57.4,53.9,54,58.6,58.4,56.7,52.7
Ecuador,17.2,17.2,17.2,17.2,27.9,34.2,33.4,33.6,33.6,34.4,34.4,33.8,33.8,34.7,34.7,40,41.5,41.3,39.8,37.6,37.8,41,41,46.4,46.4,50.7,50.7,50.5,50.5,50.5,50.5,51.1,54.6,58.1,58.5,59.8,59.8,60,59.6,59.6,59.6,59.4,60.3,60.3,59,60.3,59
Egypt,24.9,24.4,24.4,24.4,26.6,26.6,29.7,30.5,31.7,31,32.2,31,28.5,28.5,28.8,29.8,29.8,29.8,31.6,29.8,29.8,31.5,31.5,31.5,31.5,34.6,34.6,34.6,32.5,33.4,31.4,31.4,31.4,31.6,31.6,35.6,33.5,33.5,29,33.3,35.9,34.3,38,38,39.6,41.3,41.5
Eritrea,,,,,,,,,,,,,,,,,,,26.3,29,30.8,30.8,30.8,30.8,30.8,30.3,30.3,30.3,28.8,29.9,28.8,28.8,28.8,28.8,27.2,27.2,27.2,25.3,26.1,27.9,27.9,26.3,26.3,26.3,27.5,30.8,31.9
Spain,27.7,28.6,37.8,47.8,48.6,54.7,56.3,57.7,59.9,57.7,58,63.1,63.1,63.4,64.2,67,68.6,68.9,67.2,69.2,69.2,70.2,70.2,70.5,70.5,75,75,75.4,76.1,81.7,83.7,83.7,83.7,83.7,83.7,83.7,83.7,83.7,83.7,84.4,84.4,82.9,88,91.7,91.7,92.8,86.1
Estonia,,,,,,,,,,,,,,,,,77.1,76.9,75.4,75.4,76.4,76.4,76.4,76.4,76.7,79.4,79.4,79.4,79.4,79.4,79.4,76.8,77.8,80.4,80.7,80.7,80.1,82.1,81.4,79.5,85.6,86.8,83,83.4,83.4,88.3,87.8
Ethiopia,16.1,16.1,16.1,16.1,16.1,22.1,22.6,22.6,22.6,18.1,22.6,18.1,24.3,21.6,21.6,21.6,27.1,27.9,28.3,29.6,33,30.7,30.7,30.7,31.2,33,33.4,33.4,33.4,33.4,34.8,34.8,32.3,30.9,32.3,32.5,32.5,30.2,32.9,32.9,33,29.4,33,33.7,33.8,53.1,53.8
Finland,66.3,66.3,66.6,66.6,66.8,69.9,72,73.2,72.7,72.7,73.9,73.9,73,74.3,74.3,73,74.8,74.8,73.4,74.8,77.2,80.1,80.1,82.1,82.1,83.6,81.8,81.8,82.5,82.5,82.5,82.5,84.3,82.5,84.3,84.3,84.3,84.3,84.3,84.3,84.3,85.3,82,82,94.7,94.7,94.7
Fiji,30.2,30.2,29.4,29.4,29.4,29.6,29.1,29.1,29.1,29.2,29.2,29.2,29.2,29.2,29.2,29.2,31.3,32.7,35.4,40.2,40.2,40.2,41.2,42.2,43.3,42.9,42.5,42.5,42.5,42.8,42.8,43,40.5,40.5,38.3,39.1,39.1,40.1,40.1,44.6,48.8,46.6,47.2,47.7,48.9,48.1,45.2
France,57.9,57.9,58.2,58.3,58.5,60.3,61.8,61.8,61.8,61.8,61.8,62.1,62.1,62.1,62.1,70,70,71.6,70.3,70.3,71.5,70.3,70.7,74,72.4,76.6,76.6,79,76.7,79,76.7,76.7,78.6,81.9,81.4,81.4,81.4,82.8,82.8,80.5,82.3,83.2,86.6,87.7,83.6,87.7,87.7
Gabon,32.9,32.9,32.9,32.9,33.3,34.9,36,36,37.8,36.3,37.8,37.8,36.6,36.6,38.1,38.9,43.9,43.9,43.9,46.1,46.1,43.9,44.7,44.7,45,46.4,48.3,48.3,48.5,48.5,48.5,48.9,49.6,49.2,49.2,49.6,48.2,50,50.1,50.1,50.3,50.6,52.2,53.3,54.6,55.9,55.9
UK,59.8,59.8,61.4,61.4,61.3,63.1,61.9,61.9,61.9,61.9,62.2,62.2,64.2,64.2,64.5,64.6,61.8,60.5,60.5,60.5,60.8,60.8,63.3,63.3,63.3,63.3,63.3,63.3,63.3,63.3,67.2,67.2,68.3,65.8,67.5,70.1,70.1,73.3,73.3,73.3,74.1,75.2,74.5,74.5,67.1,73.9,74.8
Georgia,,,,,,,,,,,,,,,,,56.4,54.9,55.3,58.5,57.2,57.2,58.6,58.6,57.4,57.4,58.7,58.7,58.7,61.4,62.9,62.9,62.9,61.9,60.9,62.7,63,64.6,63.7,63.5,64.4,65.6,67.5,71.4,78.1,78.6,77.1
Ghana,42.2,42.2,42.2,42.5,45.8,47,47.4,51.4,51.6,51.6,51.6,51.6,51.6,51.6,51.6,50.4,50.4,50.7,60.3,60.3,60.3,62,62,62,60.4,61.8,62.4,62.4,60.6,60.9,60.9,60.9,59.8,60.7,60.6,60.6,60.6,60.9,60,60,58.9,56.3,63.3,63.3,62.1,62.5,64.3
Guinea,28.3,28.3,28.3,28.3,28.3,28.3,31.3,31.3,31.3,26.5,22.7,22.7,23.1,24.2,23.1,23.1,25.3,30.6,30.6,30.6,29.8,31.2,29.8,29.8,29.8,31.9,33.2,34.2,33.1,33.1,33.1,34.6,34.6,31.9,30.4,31.9,31.9,31.9,33.9,35.2,35.2,35.2,35.2,35.7,36,36.6,36.6
Gambia,27.9,27.9,29,29,29,30.6,31.9,33.2,33.2,31.8,33.2,33.2,33.6,34.8,34.8,33.6,33.6,33.9,33.6,32.7,39.5,39.5,39.2,39.4,39.4,40.4,42.3,42.9,42.9,44.1,44.1,42.8,43.6,44.3,43.7,45.2,43.9,43.9,43.4,44.2,43.2,44.8,50.1,54,55.2,56.2,55.7
Guinea-Bissau,32,32.4,32.4,32.4,32.4,34.4,33.2,35.3,35.5,35.7,35.7,35.7,35.7,35.7,35.9,41,41,41,42.9,43.5,43.5,43.5,43.5,43.3,43.4,46,46,46,44.8,45.4,45.4,46.7,46.7,45,46.3,45,45,46.3,46.3,45.5,46.8,45.7,46.9,46.9,46.9,44.3,44.3
Equatorial Guinea,17.8,17.8,17.8,17.8,21.2,32.5,32.8,32.8,32,34,34,34,34.3,36,36,36,36,36,35.6,35.4,35.4,35.4,35.4,35.4,34.9,35.2,36.1,36.1,36.1,37.4,37.7,37.7,37.7,36.1,34.9,37.6,37.6,37.6,38.5,38.6,38.6,37.1,38,36.2,36.3,35.3,34.2
Greece,51.7,54.3,54.4,54.4,54.6,55.9,55,58.2,62,60.2,64.1,64.1,62.3,64.1,67.6,71.7,71.7,71.9,72,72,72.2,72.2,75.5,75.8,75.8,78.9,77,77,77,76.2,77.7,77.7,77.9,77.9,78.4,78.4,78.4,78.9,78.9,78.9,78.6,78.4,82.4,82.2,82.4,81.2,81.2
Guatemala,17.6,17.9,17.9,17.9,17.9,21.7,22.1,20.4,22,22,29.5,32.6,32.8,33.1,33.1,38.4,38.4,38.4,38.4,40.7,41.6,46.4,46,46,45,45,45,45,45,45.3,46.2,47.9,48.6,47.5,47.8,47.8,48.9,48.9,50.1,50.7,50.7,50.5,50.5,51.4,46.3,49.2,49.2
Guyana,41.4,41.4,41.4,41.7,41.7,41,41,41.2,41.2,42.7,43,42.7,44.5,42.7,42.9,44.7,42.9,42.5,42.2,39.2,39.2,41.8,43.5,51.6,51.6,50.1,52.6,52.6,56.3,57.4,55,55.8,58.2,59.2,56,57.2,55.9,58.7,58.7,58.7,55.9,59.6,59.6,59.6,60.5,59.6,61.8
Honduras,23.8,23.8,23.8,23.8,23.8,26.6,29.8,33.7,35.1,31.4,35.4,34.2,34.2,35.6,36.1,40,42.3,44.9,42.7,44.5,47.1,45.6,46,46.2,45.3,49.2,48.9,48.9,50.5,49,50.8,52.3,54.2,52.5,47.4,47.4,50.7,50.7,51.1,50.1,50.1,48.9,48.2,50,48.5,48.6,51.9
Croatia,,,,,,,,,,,,,,,,,48.7,52.4,54.7,52.9,53.3,53.3,59.3,59.3,57.7,67.9,69.8,70.2,68.2,68.3,67.7,68,69,69,71.3,72.9,72.9,73.2,73.2,73.2,71.1,73.3,68.8,70.1,68.3,73.9,73.9
Haiti,23.2,23.7,23.7,23.7,24.1,24.1,24.3,25.6,25.3,25,25,24,29.1,30.5,28.7,31.1,31.8,29.5,29.5,30.5,32,32,32,32,32,33.7,33.7,33.7,33.7,34.4,34.4,32.3,33.9,33.9,32.6,32.6,32.6,32.6,32.8,32.8,30.8,32.5,32.2,31.2,31.2,34.3,30.1
Hungary,61.1,61.1,61.5,61.5,61.5,61.5,60.7,61.7,62.8,62.8,62.2,62.2,62.2,62.2,64.8,74.6,75,76.6,75,76.6,76.6,75,74.1,74.1,72.1,74.1,76.9,77,74.2,74.1,74.1,72.3,74.3,72.3,74.3,69.7,70,70,73.6,73.7,73.7,74.1,72.2,68.4,67.4,71.2,71.4
Indonesia,28,28,28,28.3,28.3,28.3,29.7,30,30,30,31.5,31.5,34.2,35.6,35.6,34.2,34.4,34.4,34.4,34.4,34.4,34.4,34.7,42.6,49.1,49.6,49.8,50.2,50.2,50.7,49.7,48.3,49.9,49.9,49.3,50.7,51,51,48.5,48.7,47.3,48.3,49.1,49.1,51.4,52.6,53.8
India,43.5,43.5,43.3,43.3,43.3,45.7,46,46.4,46.4,47.2,47.2,47.2,47.2,47.2,46.4,46.2,49.2,49,49,50.3,50.5,50.2,50.2,50.5,50.5,52.4,52.1,52.1,52.1,52.1,52.1,52.1,52.4,52.1,52.6,50.2,52.1,52.1,50.8,50.3,49.3,50.2,50.2,50.4,44.5,47.5,48.8
Ireland,46,46,47.9,47.7,47.7,51.7,53.9,55.5,56.1,54.1,57.7,57.7,57.7,57.7,57.7,61.6,61.6,62.1,62.1,65.1,66,65.1,65.1,65.1,65.1,65.1,65.3,65.5,65.5,67.3,67.3,67.3,68.7,67.6,68.7,68.7,69.2,69.8,72.9,71.7,76.3,79.5,76,78.4,78.4,76.1,76.1
Iran,25.1,25.1,25.5,25.5,18.5,13.2,10.4,10.4,10.9,10.9,10.9,10.9,10.9,11.2,13.7,13.7,13.7,13.7,15.6,15.9,15.9,15.9,23.1,24.3,24.3,24,24,24.2,25.3,23.8,22.9,21.8,21.8,21.9,21.9,23.9,24,24,24.8,24.8,24.8,24.3,23.1,24.9,24.2,24.2,19.8
Iraq,17.1,17.1,17.1,17.9,17.9,18.8,20.8,22.4,22.4,24.7,24.7,24.7,24.7,23.6,23.8,23.8,23.8,21.8,20.9,20.9,20.9,18.6,18.6,18.6,16.6,17,19,19,29.3,31.2,32.2,33.4,31.1,31.1,33.4,31.4,31.4,31.4,30.8,29.7,30,30,27.2,30,30.3,30.3,28.6
Iceland,51.1,51.1,52.3,52.3,52.6,54,53.6,55.4,57.1,61.8,63.1,63.1,63.7,63.7,64.6,64.6,65,66.1,66.7,67.8,67.8,66.9,67.2,67.2,69.5,75.5,75.5,75.5,76.9,73.4,73.4,75.5,76,76,76.4,77.9,77.9,77.9,79.9,79.9,79.9,77,73.1,75.2,75.2,76.6,82.6
Israel,67.3,67.3,67.3,67.3,67.3,69.6,69.7,69.7,69.7,70,70,70,70,69.9,69.9,69.9,68.1,68.6,68.6,68.6,68.6,68.4,68.4,68.4,68.9,69.2,69.2,69.2,69.5,69.5,69.5,68.1,68.1,68.1,68.5,70.2,68.5,68.5,69.2,69.2,69.5,69.1,69.1,69.8,68.3,71,71.3
Italy,53.5,54,54,54,54.2,62.9,63.7,61.6,61.6,64,61.9,61.9,65,65,65,67,73.8,73.5,75.3,75.9,76.2,75.8,75.8,76.1,76.1,76.1,76.4,76.4,76.4,76.4,76.7,77.4,78.7,77.8,77.8,80.6,81.7,81.7,82.5,82.5,82.5,83.2,82.7,80.2,83,90.8,90.8
Jamaica,67.3,67.8,68.1,68.1,68.1,72.4,74.2,74.6,74.8,76.4,76.4,75.2,76.8,75.2,72.9,79.5,79.5,79.9,80.3,80.3,80.3,80.3,77.4,75.8,77.4,77.4,77.4,77.3,75.7,75.7,76.1,79.3,81,81,79.5,79.5,79.3,79.3,80.8,80.8,80.8,83.6,81.2,81.2,81.2,82.4,82.4
Jordan,20.4,21.2,21.2,21.2,21.8,27.3,27,27.3,27.3,27,27.3,28.5,27.3,29.2,35.5,35.6,35.8,35.8,37.8,36.2,36.2,36.4,36.1,36.3,36.3,42.7,42.7,42.7,44.4,44.4,46.5,44.3,46.9,45.1,45.1,46.4,46.4,46.4,46.5,46.5,46.5,46.9,46.4,46.4,46.4,46.9,45.5
Japan,48.5,48.5,48.5,48.5,48.7,49.3,46.3,49.8,49.8,49.8,49.8,55.2,55.2,55.2,55.2,55.3,55.3,55.3,55.3,55.3,56.9,57.2,58.9,59.2,59.2,57.8,59.6,59.6,59.6,59.6,62.1,60.3,60.3,60.3,60.5,60.8,60.8,60.4,60.4,60.6,58.6,58.9,61.7,60.5,60.3,59.4,57.1
Kazakhstan,,,,,,,,,,,,,,,,,57.9,57.2,55.9,56.7,56.7,56.9,56.9,56.9,56.6,56.6,56.7,56.7,56.7,56.7,56.7,56.9,57.4,57.4,57.6,56.3,56.3,56.8,57.5,57.6,57.6,55.9,59.6,58.4,58.4,58.5,60.6
Kenya,25.7,25.7,26.1,26.1,25.7,25.7,27.6,27.6,27.2,27.2,29.5,29.5,29.5,29.5,27.5,28.6,28.6,37.1,37.1,37.1,37.4,38.2,36.2,36.2,35.8,37.9,38.1,41.3,42.3,42.3,42.3,40.9,41.3,42.7,41.3,46.3,46.3,45.7,46.6,48.9,48.9,48.2,51,49.3,51.2,52.2,52.2
Kyrgyz Republic,,,,,,,,,,,,,,,,,51,52.7,52.7,51.9,51.3,50.8,50.8,51,51.4,51.1,51.1,51.1,49.5,49.6,47.2,47.2,52.1,52.1,52.1,57.5,55,55,55.6,55.6,56,54.9,56,56.8,53,52.8,49.6
Cambodia,18.1,23.4,24.6,24.6,24.6,24,24,24,24,24,24.4,24.5,24.5,26.2,26.2,27.2,27.2,30.3,29.3,36.3,36.3,36.3,36.3,38,38,42,42,42,43.7,43.7,42.2,42.2,43.7,43.1,43.5,43.5,43.1,43.1,44.6,44.6,44.6,41.5,42.7,42.7,42.7,42.8,40.9
South Korea,35.3,35.5,35.5,35,35,36.9,35.7,35.7,36,36,34,35.9,36.7,44.7,45,45.9,45.9,45.9,49.6,50,50,50,50,57.1,57.1,61.5,61.5,62.4,63.8,64,62.6,62.6,62.6,64,64,66.4,66.3,66.4,66.4,66.4,64.8,66,63.9,64,60.2,60.7,61.6
Kuwait,13.3,15,15.4,15.4,15.4,20.1,16,16,16,16,18,19.4,19.4,19.5,19.5,23.9,21.6,20,22.1,20.1,20.1,22.3,22.3,22.4,22.4,26.3,26.3,26.4,26.4,26.4,29.6,28.1,29.9,30.4,35.6,33,34.3,33.7,33.7,33,33,32.6,34.8,35.5,36.6,35.2,30.9
Lao,28.4,39.9,41.1,41.1,41.1,41.1,41.7,41.7,41.9,37.2,39.4,39.4,37.2,39.7,41.7,41.7,43.3,44.4,44.4,44.4,44.4,44.4,45.8,45.8,47.7,49.1,49.1,49.1,49.1,49.5,49.5,49.7,49.7,50.5,49.9,47.9,47.9,47.9,47.9,47.9,47.9,45.4,54.8,51,48.3,54.1,49.9
Lebanon,29.3,29.3,29.3,29.3,29.3,29.3,29.3,29.5,29.5,29.5,29.5,29.5,29.5,29.5,29.5,31.7,32.1,32.5,32.7,32.7,32.7,32.7,32.7,32.7,32.7,34.6,33.8,33.8,33.8,33.8,34.5,34.8,34.8,34.9,32.9,34.5,34.6,34.6,35.4,35.4,35.4,35.5,37.4,40.5,38.7,38.1,36
Liberia,25,25,25,25,25,39.6,35,37,37,36.2,37.4,37.4,37.6,37.6,38.1,39.2,39.2,39.2,39.4,39.7,39.7,40.4,42.4,42.6,42.6,44.8,44.8,44.8,43.2,47.8,56.8,63.1,57.8,67.5,61.9,57.8,61.6,61.6,61.6,61.6,61.6,55.6,58.1,54.3,54.3,55.5,54
Libya,20.3,20.3,16.5,16.5,16.5,16.5,10.9,20,20,12.7,21.1,21.1,21.1,21.9,21.9,18.4,22.6,22.6,15.3,23.2,23.2,23.7,23.7,23.7,24.2,24.2,24.2,24.5,29.3,27.7,28.3,29.9,32.4,36,38.2,36.1,26.9,33.5,33.5,32.9,32,29.4,33,33,33,31.4,31.4
Sri Lanka,49,49,48.8,49,49,50.1,48.2,50.3,50.5,50.5,50.7,50.7,47.5,51,51.4,53.1,51.6,51.8,53.3,51.9,53,53.2,53.2,53.2,53.2,53,53.2,53.3,53.3,53.3,53.3,51,51.9,53.3,53.3,53.3,53.3,53.3,54.4,54.5,54.6,57,58.1,56,56,59.4,63.2
Lesotho,47.6,47.6,47.6,47.6,47.6,50.1,47.3,45.5,45.5,45,45.9,46.2,43.6,46.2,44.3,45.5,47.8,47.4,48.4,50.1,50.1,51.1,52.4,54.4,52.2,53.5,53.5,55,55,55,55,56.5,58.1,63.8,58.1,58.1,58.1,58.1,61.3,63.6,61.3,63,61,62.4,56.8,57.5,62.9
Lithuania,,,,,,,,,,,,,,,,,67.1,69.8,69.8,69.8,69.8,71.1,71.1,71.1,71.1,72.9,72.9,72.9,72.9,75.9,78.5,80,78.5,79,78.2,78.2,78.2,79,76.6,76.6,76.6,77.1,78.2,78.2,78.5,78,82.8
Luxembourg,59.3,59.3,59.3,59.3,61,61,61.9,61.9,61.9,61.7,61.7,61.7,61.7,63.6,64.1,65.1,65.1,65.1,64.1,65.6,66.8,66.8,66.8,66.8,65.4,65.4,65.4,65.4,65.4,66.5,68.8,71.3,69.8,69.8,70.4,69.8,72.9,72.9,72.9,73.3,73.6,72.2,69.8,73.6,74.2,74,74.6
Latvia,,,,,,,,,,,,,,,,,71.8,76.4,76.5,76.5,76.1,74.4,74.4,75.2,75.2,77.5,77.5,79.4,80.8,81.3,79.7,79.4,83.2,81.7,83.5,81.7,82,85.8,86.5,83.7,83.7,89.8,82,83.4,83.4,87.2,89
Morocco,25.7,28.8,23.8,23.8,23.8,25.6,25.6,25.6,25.6,26.2,27.3,27.3,27.3,27.3,27.3,27.3,28.8,28.8,29.3,29.3,29.3,29.3,31.9,32.5,32,39.1,41.8,48,48,48,48,48.2,49.9,48.6,48.6,48.6,49.9,51.5,47.8,46.2,49.5,47.3,49.9,49.9,49.9,50.1,52.1
Moldova,,,,,,,,,,,,,,,,,62.3,58.4,58.4,58.7,58.7,58.7,58.7,61.6,63.9,63.9,64.5,64.5,65.6,65.8,64.7,65.6,65.6,63.7,66.5,67.9,67.9,67.6,67.6,67.9,65.5,70.6,63.6,63.6,63.9,66.2,77.6
Madagascar,34.5,37.6,38.7,38.7,38.7,39.3,39.7,39.7,39.4,39.4,39.4,39.7,39.7,39.7,43.8,44.1,44.1,44.5,43.2,41.7,41.7,41.7,41.7,44.7,44.7,45.5,45.5,46.6,43.1,45.1,45.1,45.1,49.3,53.5,51.9,51.7,52.8,52.8,53.4,59.2,56.3,52.6,56.3,50.4,48.8,48.3,46.2
Maldives,29.7,30.9,30.9,30.9,32.4,33.1,33.1,33.4,33.4,33.1,33.1,33.1,33.1,33.1,34.1,34.1,34.1,34.1,34.4,34.4,34.4,34.4,34.4,34.7,34.7,38.2,35.9,36.1,37,39.4,44.7,44.7,45,49,41.9,50.1,48.8,49.6,39.7,39.6,37.3,36.3,41.3,41.1,47,45.5,47
Mexico,29.1,29.7,29.7,29.7,33.5,33.5,34.6,34.9,34.9,34.9,36.2,36.2,36.2,36.3,36.5,36.5,37.1,35.8,35.8,42.3,42.3,42.5,44.3,44.3,44.3,44.6,46.1,46.1,45.2,45.2,45.2,46.8,48.1,46,47.9,50.4,50.5,50.7,49.7,50.1,52.5,50.1,50.1,52.7,57,57,55
North Macedonia,,,,,,,,,,,,,,,,,46.9,46.9,45.4,47.1,49.2,47.1,47.1,51.2,51.2,52.7,52.7,58.8,58.8,60.6,60.6,61.8,61.8,63.1,62,63.8,63.9,64.2,62.9,63.2,63.2,60.6,59.4,58.9,58.5,57.7,61.5
Mali,30.1,30.1,30.1,30.1,30.1,30.1,28.3,28.4,28.4,25,29.1,25.8,29.7,29.7,33.3,31.6,31.4,39,40.6,40.6,40.6,43.2,45.3,45.3,45.3,45.3,45.3,45.1,45.1,45.1,45.3,45.3,45.3,45.3,45.3,45.3,43.5,43,44.9,43.2,45.1,43.7,45.7,44.5,45.6,47.6,46.9
Malta,49.2,49,51.8,51.8,52,52,52,52,52,52,52,52,53.6,55.5,55.5,55.5,55.5,55.4,55.4,55.4,55.4,56.3,56.3,58.3,58.3,58.3,54.9,55.3,59.7,65,66.6,66.6,67.8,66.7,69.5,69.5,69.8,69.8,70.3,70.3,70.3,71.5,67.8,69.4,69.5,69.8,71.6
Myanmar,21.1,21.1,21.1,22.1,22.1,22.1,23.7,21.7,21.7,24,22.8,24,24,30.8,31,31,31,31,32.7,32.9,32.9,32.9,32.9,33.1,33.1,31.4,32.9,33.1,31.6,31.8,31.8,30.1,30.1,33.6,35.2,44.3,44.8,44.8,43.5,44.5,47.5,52.9,50.2,52.4,51.5,50.9,43.1
Montenegro,,,,,,,,,,,,,,,,,,,,,,,,,,,,,,,,46.8,49.3,49.7,50.8,50.8,50.9,51.6,51.5,51.6,53,54.3,55.1,55.1,55.1,54.3,54.3
Mongolia,49.8,49.8,50,50,50.4,50.4,52,51.1,51.3,52.7,51.3,51.4,53.2,53.3,53.3,48.8,52.1,55,55,58.1,58.1,60.3,60.3,60.3,60.3,61.3,60.6,60.6,60.6,60.2,60.2,58.4,60.2,63.2,63.2,61.4,63.2,64.3,61.5,61.5,66.2,62.2,63.9,62.4,61.4,58.5,57.2
Mozambique,32.2,37.9,40.6,40.6,40.6,40.8,41.3,43.2,41.6,41.6,41.6,41.6,41.6,41.8,41.8,46.3,46.5,46.5,48.2,49.2,52.6,52.6,52.6,52.8,55.9,56.7,54.9,57.2,57.2,57.5,57.5,57.5,56.2,57.2,55.2,59.7,59.8,59.8,54.7,54.7,55.9,61.1,58.8,59,58.4,60.5,58.5
Mauritania,27.2,27.2,27.2,28.6,24.7,24.7,24.8,24.8,24.8,22.9,24.8,24.8,22.9,24.8,24.8,24.8,25.5,23.5,28,28,29.5,29.9,29.9,29.9,29.9,29.9,30.8,31.1,31.2,34.6,35.3,34.5,37.9,37.9,36,36.4,36.4,36.4,40.1,40.1,40.1,37.9,40.5,38.5,40.6,37.4,38
Mauritius,38.3,40.3,40.6,41.6,41.6,48,46.1,46.8,49,49,49,49,49.4,49.4,50.5,54.8,51.4,54.3,54.3,56.8,57.6,55.9,55.9,53.8,56,55.8,55.8,53.6,56.4,56.4,61.2,61.2,62.2,61.5,61.5,62.5,62.8,62.8,64.2,63.8,63.8,62.5,62.5,62.7,63.6,61.3,61.3
Malawi,25,25,25,25.4,25.4,25.8,27.7,27.7,26.9,26.9,26.9,25.4,27.9,28.1,28.1,28.1,28.1,28.3,29.9,34.2,38.1,38.1,38.1,38.1,40.8,46.4,46.4,46.4,46.6,47.4,47.4,47.4,47.4,45.8,48.9,50.4,50.8,50.8,51.7,48.5,47.6,48.5,46.4,47.4,46.3,49,50.2
Malaysia,35.3,35.7,35.7,36.1,36.1,37.4,38.6,39.6,39.6,39.6,41.4,39.9,39.9,39.9,40.1,41.4,41.4,41.7,43.1,41.7,42.1,42.3,42.3,43.8,43.8,43.8,43.8,44,42.5,46.2,46.2,46.2,48.2,46.5,46.6,46.4,47.5,47.5,47.5,47.5,47.6,46.4,48.1,49.2,48.4,52.1,52.1
Namibia,,,,,,,,,,,,,,,,45.3,45.9,45.9,45.9,47.1,48.4,48.7,48.7,50.9,52.6,53.9,53.9,55.7,53.9,54,52.8,54,55.4,55.8,54.1,55.8,55.7,55.7,58.8,59.2,59.2,58.3,62.1,59.4,56.3,55,55
Niger,36.1,36.1,36.1,36.1,36.1,36.1,30.9,33.3,35.2,35.2,36.2,36.2,36.2,44.1,43.3,43.1,43.8,43.8,46.7,46.7,46.2,47.4,45.8,45.8,45.8,47.4,47.4,47.4,47.4,51.7,51.4,52.8,52.8,52.8,52.8,58.9,57.2,56.2,55.8,55.8,57.3,56.6,57.5,58,54.8,54,50.5
Nigeria,29.3,29.3,29.3,29.3,29.3,29.8,27.5,27.5,27.5,26.1,31.9,31.9,30.7,32.6,32.6,32.6,34.3,33.4,34.3,34.3,34.3,32.6,35.1,38.6,41.9,41.9,39.4,39.4,40.3,40.3,40.3,38.2,40.3,40.9,40.9,41.8,40.9,41.2,41.2,42.2,42.7,42.7,42.7,39.5,40.4,40.1,37
Nicaragua,22.1,22.1,22.1,22.1,25.3,44.5,44.8,46.2,44.7,44.8,47.2,45.7,45.7,45.7,45.7,50.2,50.2,50.2,51.7,51.7,50.6,50.1,50.1,47.6,46.1,46.3,47.1,47.2,49.2,47.4,47.4,47.2,52.1,53,51.1,53.7,54.5,56.7,56.7,56.7,56.7,55.3,52.1,48.4,49.5,53.9,53.9
Netherlands,57.8,57.8,58.5,58.5,58.5,61.7,63.6,62.9,63.1,65.8,64.9,65.1,71.4,70.1,70.6,73.7,72.5,72.5,76.6,77.9,80.1,80.1,80.1,82.1,80.3,88.5,88.5,88.7,94.8,91.9,91.9,91.9,92.2,92.2,97,97,97,97.4,89.8,89.8,89.8,89.8,88.7,84.1,84.5,84.5,89.9
Norway,82.7,88.5,89.7,89.7,89.7,89.9,87.2,87.2,87.2,87.2,91.9,91.9,91.9,91.9,91.9,92.2,92.2,92.2,93.9,93.9,93.9,93.9,92.4,92.9,92.9,92.9,92.9,92.9,92.9,93.5,98.7,98.7,96.5,98.7,98.7,98.7,98.7,98.7,98.7,98.7,98.7,96.1,94.2,100,100,100,100
Nepal,18.9,18.9,19.7,19.7,19.7,20.6,21.3,23.2,23.2,23.2,23.2,25.6,25.9,25.9,25.9,36,37.7,39.1,39.1,39.1,39.1,39.1,39.1,39.5,42.1,45.8,45.8,46.6,46.6,46.6,46.8,44.3,47.8,58.2,57.1,56.5,56.5,55,55.4,56.6,57.5,61.7,62.3,59.1,58.6,57,56.5
New Zealand,60.2,60.9,60.9,61.2,61.2,61.2,62.5,62.5,62.8,63.8,65.7,65.7,65.9,66.2,66.2,70.6,70.6,70.6,71.5,71.5,73.5,74,74,77.5,82.8,82.8,82.8,82.8,83.1,83.1,85.2,82.9,84.3,85.4,84.7,87,87,87,87,87,87,85.4,87.7,87.7,87.7,87.7,87.7
Oman,16.1,17.1,17.1,17.1,17.1,18,14.8,14.8,16.9,14.8,16.9,17.6,17.6,17.6,17.6,18,18,18,21.4,21.7,21.7,23.4,24.7,25,25,27.1,27.3,28.4,30.3,29.9,28.7,28.7,29.3,28.1,29.5,29.5,30.4,30.6,30.6,30.7,30.7,30.8,30.8,30.8,31.2,26.2,27.6
Pakistan,35.9,35.9,37,36.2,36.2,36.2,31.8,34.5,34.5,31.8,38.1,38.1,38.4,45.8,47.4,42.1,39,39,39,39,39,39,39.9,39.9,42,43.1,46.7,49.2,49.2,49.3,49.3,49.3,49.3,46.7,47.1,54.6,54.6,54,52.1,54.4,52.7,54.9,51.3,51.3,49.6,49.8,54.7
Panama,36,36,36,37.8,37.8,37.1,37.3,32.9,32.9,36.4,36.5,36.5,36.5,36.5,36.5,52.4,52.4,52.4,52.4,52.8,52.8,54.1,54.3,52.9,54.5,58.4,58.4,58.6,57.1,59.2,59.2,59.2,60.7,60.8,60,60,60,60,61.9,62.9,62.9,62.9,61.8,61.8,62.2,60,58.4
Peru,24.5,24.5,24.5,24.9,24.9,33.5,33.7,33.7,33.7,35.9,35.9,38,38,38,35.5,40,41,41,44.7,44.7,45,47.2,47.2,47.2,47.6,50.3,51.4,52.2,52.2,52.2,53,51.8,53.8,51.8,51.8,52.8,52.8,52.8,53.3,53.3,52.8,53.9,53.7,57.9,61.2,56.4,59.9
Philippines,44.5,44.5,44.5,44,44.2,44.2,45.8,45.8,46,46,46,59.5,59.8,58.8,59.2,60.1,60.1,60.7,60.7,60.7,60.6,61.7,62,62.6,62.4,65.7,64.8,64.8,64.8,64.5,64.5,64.7,65.3,65.3,65.3,68.6,66.9,66.9,65,65,67.5,64,62.5,62.5,60.6,60.6,60.6
Papua New Guinea,22.6,22.6,24.2,24.2,24.6,24.6,24.7,24.3,25.3,24.3,25.3,25.3,24.9,24.9,25.2,24.1,24.1,24.1,24.1,24.1,24.1,24.1,24.6,24.6,24.6,24.6,24.8,24.8,24.8,24.8,24.8,24.8,24.8,24.8,24.8,23.3,23.3,23.9,23.9,23.9,23.9,23.9,23.2,23.2,23.2,19.5,21.3
Poland,55,55.4,55.6,55.6,55.8,57.6,57.1,55.7,57.3,55.7,57.3,57.3,57.3,57.3,61.6,76.6,78.9,77.5,77.8,77.8,77.8,77.8,77.8,77.8,75.1,77.8,78.3,79.7,78.7,78.7,78.7,78.7,80.1,78.7,78.7,78.7,79.8,79.8,79.8,79.8,80.1,80,71.9,71.9,71.9,72.7,70.2
North Korea,44,44,44,44,44,44,44.8,44.8,44.8,43.8,43.8,43.9,43.9,43.9,43.9,43.8,43.8,44.1,44.1,44.1,45.2,45.2,45.5,45.5,45.5,45.8,45.8,45.8,42,46.3,43.1,46.5,46.7,46.2,46.2,46.5,47.1,47.4,47.7,47.4,47.4,42.3,45.4,42.3,42.5,42.5,42.5
Portugal,59.7,62.1,64.1,66,66.4,62.1,61.2,62.8,63,63,62.8,62.8,63,63.2,63.2,64.8,65.2,65.2,65.2,65.4,70.7,70.7,70.9,72.2,71.5,73.1,73.1,73.6,73.6,73.9,71.8,70.4,72.4,72.4,72.7,73.9,72.7,75.7,72.7,73,75.4,81.8,75.9,77.3,76.6,84.4,81.3
Paraguay,18.2,18.2,18.2,17.8,17.8,17.8,18.8,18.8,17.7,17.7,17.8,17.8,17.8,18.4,24.8,35.3,35.3,37.3,38.5,38.5,38.5,38.5,38.7,38.7,38.7,42,42,42,43.1,43.3,43.5,43.5,43.5,46.1,46.1,48.4,48.4,48.4,48,48.3,48.5,47.1,48.3,48.5,48.6,46.6,50
Palestine,,,,,,,,,,,,,,28.7,29,29,29,29,34.1,38.9,39.8,42.9,44.6,46,46,47.6,47.6,47.9,47.9,50.7,51.5,53.1,53.5,53.5,53.7,51.3,51.5,51.5,51.5,51.6,49.9,50.1,50.1,46.9,47,44.6,38.9
Qatar,14.3,14.7,14.7,14.7,15,15,15,15.2,15.2,15.4,15.4,15.6,15.6,15.7,18.1,25.4,26.7,26.8,26.9,26.9,26.9,33,31.2,31.2,31.2,33.8,33.3,33.3,32.9,31.4,32.9,31.6,33,33,33,33,33,33,33,33,33,37.9,39.1,37.6,37.6,34.8,34.4
Romania,60.7,60.7,60.7,60.9,60.9,62.3,65.1,65.1,65.3,65.3,66.4,66.4,65.6,65.6,65.6,58.4,56.8,56.8,56.8,56.8,57,59.3,59.3,59.3,59.3,61.2,61.4,61.4,63,63.1,61.6,61.4,59.9,61.7,61.7,63.4,61.9,62,61.4,61.6,61.6,62.6,62.9,65.1,69.1,67.8,66.8
Russia,50.6,50.6,50.6,50.6,50.8,50.8,53.1,53.1,53.1,53,53,53,53,53,49.9,52.2,50.4,51.6,52.2,52.6,52.1,52.1,52.1,52.1,51.4,48.7,51.4,50.9,49.4,49.4,50.9,51.3,53.1,51.3,51.3,51.3,51.3,51.3,51.3,51.3,51.3,53.8,51.7,51.7,50.6,50.4,50.4
Rwanda,28.4,28.4,28.4,28.4,28.8,32.6,33.8,33.8,35,35,35,35.3,35.3,35.4,35.4,38.1,38.1,38.6,37.9,37.5,44.7,44.7,48.9,50.9,51.1,57.9,59.2,59.2,63.2,66.5,66.5,64.8,67.7,66.1,66,67.1,67.1,67.1,67.1,68.9,67.1,68.9,67.1,68.3,63.9,66.3,67
Saudi Arabia,4.3,4.3,4.3,4.3,4.3,4.3,0,3.25,3.25,3.25,3.25,4.56,4.56,4.56,5.29,5.29,9.72,10.1,10.1,10.1,10.1,10.4,10.4,10.4,10.4,13.1,10.6,10.6,9.11,9.11,9.11,9.11,9.23,11.9,12,12,12.1,14.1,17.8,17.9,17.9,15.7,18,18.1,21.9,20,21.9
Sudan,19.4,20.2,20.2,20.4,20.4,23.7,25.3,26.6,26.6,26.6,25.6,25,23.3,25,22.3,24.8,24.8,28.4,28.6,28.6,28.6,29.5,29.8,28,27.9,26.6,28.7,28.7,28.7,28.9,29.6,27.8,27.8,29.7,27.9,29.8,28.2,30.1,28.2,28.2,28.4,32.7,31.7,34.7,33.5,28.7,30.8
Senegal,42.8,44.2,44.2,45,45,46.6,44.2,47,47.8,50.1,50.1,50.1,50.1,50.4,48.3,49.3,49.3,49.3,51.4,49.3,49.3,50,50,50,50,49.7,53.4,53.4,52.8,52.8,52.8,51.6,54.6,51.8,51.8,53,53,57.4,58.4,58.4,58.4,56.2,59.9,59.2,58.5,57.1,57.1
Singapore,46.8,46.8,46.8,47.2,47.2,47.4,46.6,43.9,44.3,47.9,47.9,45.2,48.3,45.9,45.9,52.1,48.8,48.8,52.2,49.4,49.4,49.4,53.7,53.7,57.9,65.9,67.5,67.5,67.5,67.9,67.9,69,69.5,69.5,69.9,69.5,66.5,66.5,66.5,69.5,66.9,69.2,65.5,70.4,66.4,66.9,68.8
Solomon Islands,,,,14.8,14.8,14.8,14.8,14.8,15.2,15.2,15.2,15.2,15.2,15.2,15.2,15.2,15.6,15.6,17,17,17,17,17,17.3,19.4,19.6,21.9,21.9,21.9,22.9,26.3,25.1,23.5,22,25.1,25.1,25.1,26,25.1,26,26,26,26.2,24.6,26.8,29,29
Sierra Leone,26.4,26.4,26,26,26,27.9,27.6,28,28,28,28,27.9,27.9,27.9,27.9,27.9,31.7,33.4,33.7,32.7,31,40,44.3,44.3,44.3,47.1,47.2,51.3,52.3,52.8,52.8,53.1,52.9,51.7,51.7,52.5,52.5,52.3,56.2,56.2,56.2,54.1,57.5,55,55,55,55.9
El Salvador,24.3,24.3,24.3,24.6,25.9,34.4,36.2,36.2,36.2,36.2,38.6,38.6,36.4,39.7,39.7,37.8,37.4,38.6,38.8,42.6,42.6,42.6,43.3,45.5,43.6,42.7,42.7,42.7,43,47.6,43.3,44,44,44,45.5,45.9,46.3,46.7,46.8,46.2,46.7,44.7,49.9,46.9,46.7,46.1,43.6
Somalia,11.7,11.7,11.7,11.7,13.8,13.8,17.4,17.4,17.4,14.4,16.4,16.4,16.4,16.4,16.4,17.1,12.4,11.4,11.4,11.4,11.4,11.4,11.4,11.4,11.4,11.4,11.4,11.4,11.4,13.2,13.9,13.9,13.9,13.9,13.9,17.4,17.4,22.9,24.2,22.2,24.2,25.3,26.9,26.9,28.2,25.8,26.3
Serbia,47.2,47.2,47.2,47.6,47.6,47.6,49.9,50.2,50.2,50.2,50.2,50.4,50.4,50.4,50.4,53.3,50.6,49.8,49.3,49.3,49.3,50,50,52.4,52.4,55.4,55.4,55.4,57.3,55.7,55.7,55.7,58.9,57.4,57.6,58.8,60.4,63.1,63.1,61.4,63.1,60.4,60.3,62.3,65.6,66.3,66.3
South Sudan,,,,,,,,,,,,,,,,,,,,,,,,,,,,,,,,,,,,,31.1,31.1,30.6,28.9,30.6,27.5,28.4,29.6,28.9,28.9,28.2
Suriname,44.7,46.3,46.3,46.3,46.3,47,47,47.3,47.3,47.3,47.8,47.8,47.1,48.5,48.5,50.8,50.1,51.6,53.8,54.1,54.1,55.8,55.8,55.8,56.2,56.4,55.8,55.8,55.8,56,56.5,56.5,56.8,56.8,56.8,54.9,54.9,54.9,54.2,55.2,56.6,58.6,56.6,56.8,59,59.4,59.1
Slovak Republic,,,,,,,,,,,,,,,,,,,65.3,65.1,63.5,63.5,63.5,65.7,65.6,64.1,65.4,66.4,66.4,66.4,66.4,66.6,66.8,65.4,65.4,67.6,67.6,66.9,66.9,67.1,67.1,67.8,63.3,65,68.6,69.9,68.7
Slovenia,,,,,,,,,,,,,,,,,63.2,66.3,70,70,70.5,69.7,69.7,70.2,70.2,70.8,69.3,69.8,69.8,69.8,69.8,69.8,71.9,67.4,73.8,74.4,77.5,81.6,82.3,82.3,82.3,84.7,78.9,80.3,81,69.8,68.4
Sweden,73.4,73.4,77.5,77.5,81,81.4,80.5,80.5,80.5,80.5,82.8,84.2,85.4,87.7,93.6,90.6,89.6,89.6,89.6,90.6,90.6,91.1,93.6,93.6,93.6,93.6,93.6,93.6,93.6,93.6,93.6,93.6,93.6,93.6,93.6,93.6,91.9,91.9,91.9,91.9,91.9,91.9,89.1,91.8,92.3,92.3,92.3
Eswatini,38.2,38.2,38.2,38,39.8,41.3,39.1,37.7,41.3,41.1,41.1,41.1,41.5,41.5,41.5,44.1,44.1,38.6,40.1,41.4,40.1,40.1,40.1,40.3,40.3,41.4,41.4,41.4,43,43,43,43.5,43.8,43.4,43.4,43.4,43.4,43.4,41.4,42.9,41.6,41.6,41.4,41,43.1,43.1,42.5
Syria,35.7,35.7,36.1,36.4,36.4,36.4,38.3,38.3,38.6,40.2,38.6,39,39,39.3,39.3,41.9,41.9,41.9,42.2,42.4,42.4,42.4,42.4,42.9,42.9,45.9,44.2,44.2,44.6,44.6,44.6,42.2,43.2,43.2,44.9,45.2,44.6,40.4,38.3,38.3,38.5,36.2,36.3,34.5,34.3,34.6,34.8
Chad,27.2,25.2,25.2,25.2,25.2,22.7,22.7,21.7,21.7,22.2,24.2,22.2,23.8,23.8,25.6,25.8,33.1,33.1,34.9,33.3,33.3,34.9,33,33,33,33.6,33.6,34.5,30.9,32.9,32.9,32.9,32.9,33.1,33.1,31.2,32.7,32.7,33.9,33.9,33.9,31.5,35.9,35.9,38.3,38.3,34.9
Togo,32.3,32.3,32.3,32.3,32.3,35.1,37.8,37.8,37.8,38,35.8,35.8,35.8,39.3,39.3,40.3,42.9,45.8,45.8,41.4,41.4,41.6,41.6,43.6,44.2,48.7,47,47.4,45.4,45.6,47,48.7,51.8,51.7,53,56,56,56,57.2,57.4,57.4,57.4,59,58.9,61.9,60.8,60.6
Thailand,44.2,46,46,44.7,44.7,47.5,46.9,46.9,48.7,47.1,48.9,48.9,47.4,48.7,49.9,52.1,53.7,55.3,55.8,56,56.2,58.3,61.6,62.9,63.2,64.8,65.3,65.3,65.6,64.3,64.8,63.5,64,64.2,64.5,64.7,66.2,66.2,66.6,64.7,62.7,60.8,61.8,62.1,66.4,64.1,64.1
Tajikistan,,,,,,,,,,,,,,,,,34.7,29.9,21.8,20.1,25.3,23.8,23.8,23.8,23.8,22,22,22,29.5,29.5,27.6,27.8,27.8,27.8,27.8,29.6,29.6,29.6,31.1,31.1,31.1,25.1,24.7,24.7,24.7,26.1,23.9
Turkmenistan,,,,,,,,,,,,,,,,,34.2,32.5,31.4,33,35.5,35.5,35.5,35.5,35.7,35.9,35.9,35.9,35.9,33.3,35.5,35.5,37.8,38.1,38.1,38.1,36.5,36.7,38.2,38.2,38.3,40.1,39.5,38.8,39.6,39.4,41.2
Timor-Leste,,,,,,,,,,,,,,,,,,,,,,,,,,,,44.1,47.1,45.4,45.7,46.5,46.6,46.6,46.9,45.4,45.4,47.5,47.5,47.7,46,43.3,44.8,46.9,48.2,50.4,50.7
Trinidad and Tobago,40.8,42,43.2,43.2,43.4,48,53.2,53.2,53.6,53.6,52.8,55.9,59.3,59.3,59.3,59.6,60.9,60.9,61.1,60.4,59.7,59.7,59.7,61.2,61.2,65.6,65.9,66.7,66.7,68.6,66.7,65.3,69.4,69.4,69.4,73.8,73.8,74.1,71.4,71.4,71.4,73.2,73.2,73.2,73.2,71.1,71.7
Tunisia,34.9,34.9,34.9,34.9,36,37.7,39.5,39.5,39.5,39.8,42.5,43,42.5,47.5,44.4,46.3,46.3,48.5,48.5,51.5,51.5,49.5,51.6,51.6,52.5,53.6,51.6,51.8,54.5,55,55,53.2,53.2,53.2,53.9,53.2,61.1,62.1,60.6,61,63.6,60.8,61.8,62.1,61.9,62.4,63.8
Turkey,38.1,38.1,38.1,38.1,38.3,40,38.8,37.1,37.8,39.7,39.7,37.8,37.8,42.4,40.7,46.3,45.4,42.8,42.8,42.8,42.2,46.5,46.5,46.5,46.6,45,46.6,46.9,43.6,43.6,41.9,42.8,47.7,44.2,44.5,46,47.3,47.3,45.7,45.9,46.1,44.1,42.8,45.3,44.5,44.7,44.6
Taiwan,32.4,34.8,34.8,34.8,34.8,39.3,39.9,40.3,41.7,42.2,42.2,43.9,43.9,45.6,49,55.1,57.8,57.4,57.1,55,55,54,54.7,54.7,56.4,65.7,68,68.5,68.5,68.5,68.2,66.7,68.5,71.7,68.1,70.2,70.2,70.7,72.5,72.5,72.9,83.3,83.3,83.8,83.8,85.8,90.5
Tanzania,39,39.5,39.5,39.5,40,40,42,45,42,42.4,42.3,45,42.5,45.3,46,49,49.2,49.3,47.1,49.8,51.8,52.6,52.6,52.9,52.9,54.2,56.5,56.5,56.5,56.8,55.7,55.7,54.2,54.2,54.2,58,58.8,58.8,55.8,55.4,57.5,59.1,63.2,60.1,58.3,61.1,63.8
Uganda,29.1,29.1,29.1,29.1,29.5,32.3,32.3,32.3,32.3,32.6,32.7,38.3,37,38.7,43.2,42.7,42.7,42.7,42.7,43.2,46.9,51.4,53,53,53.2,55.2,55.8,55.2,55.2,55.2,55.2,55.4,57.8,57.7,54.3,54.4,56.6,57.3,57.3,56.6,55.9,52.9,55.6,55.6,55.6,55.9,52
Ukraine,,,,,,,,,,,,,,,,,56,53.8,51.8,52,55.7,55.7,55.5,56.2,56.2,56.2,56.2,55.6,55.2,61.2,67.7,68,69.5,68,68,66.3,65.4,65.8,67.7,67,67.1,71.2,68.5,67.3,71.9,73.7,70.6
Uruguay,48.6,48.8,48.8,48.8,48.8,50.4,47,47,47,45.9,58.4,58.4,58.4,58.4,61.6,66,66,66,66,66.1,66.1,66.1,66.1,66.1,66.8,66.8,66.8,66.8,66.8,66.8,66.4,66.4,66.4,69.3,70,71.9,73.5,73.5,73.5,74.4,74.4,72.3,75.5,75.7,75.7,66.3,66.2
USA,52.9,53,53,52.9,52.9,61.6,60.7,60.8,60.8,62.6,62.6,62.6,62.6,62.7,63.6,66.1,66.3,66.8,67.7,67.7,67.7,67.8,67.8,68,68,72.8,71.5,71.5,71.5,71.6,72.7,72.7,72.7,74.4,74.4,77,77,77,77,74.6,77.2,76.4,73.7,74.6,74.1,76.3,69.3
Uzbekistan,,,,,,,,,,,,,,,,,46.3,46.4,44.3,43.7,43.9,44.2,44.2,43.2,43.4,43.8,43.9,43.9,44,45.2,45.2,45.3,45.3,45.3,44.3,45.6,45.7,45.7,46.2,46.9,46.9,47.3,47,47.4,49.4,52.9,52.9
Venezuela,52.7,53.1,53.1,53.1,53.1,53.1,52.1,52.1,52.6,53.7,53.7,51.8,51.8,56.8,57.6,57.4,59.1,59.1,58.9,58.9,58.9,58.9,58.9,60,67.2,69.1,69.1,69.8,69.8,69.8,70.5,69.2,70.5,70.5,70.5,70.5,72.4,72.4,72.4,72.4,70.2,71,69.6,69.2,68,65.4,64
Vietnam,50.9,51.5,51.5,52,52,53.1,52.8,52.8,53.1,52.5,52.5,52.1,53.2,53,54.9,55.8,55.8,55.8,57.1,55.4,55.4,56.5,57.4,57.4,57.4,57.4,57.6,57.8,59.5,61.8,58.1,59.8,60.9,59.5,59.5,61.6,61.6,61.6,59.1,59.1,59.1,59.3,59.3,59.3,59.9,57.3,53.3
Vanuatu,,,,,,45.6,47.8,47.8,48,48,48,48,48.6,48.6,48.6,48.8,48.5,48.5,48.5,48.5,48.5,48.5,48.5,48.5,48.5,51,48.8,48.9,50.9,49.2,49.4,49.4,48.3,48.3,48.5,48.5,48.5,48.2,48.4,48.4,48.1,48.4,45.1,46,46,44.2,44.2
Yemen,4.3,4.3,4.3,1.43,1.43,1.43,1.43,1.43,1.43,1.43,1.43,1.43,1.43,1.43,6.71,17.6,18.5,18.5,19.5,17.5,16.7,16.6,14.8,14.8,16.6,14.8,16.6,14.8,14.8,16.7,17.4,17.4,17.4,15.6,15.6,15.6,16.2,16.2,18,17.1,9.59,18.8,14.1,16.1,15.4,11.2,13.5
South Africa,20.7,20.7,20.7,20.7,20.7,20.9,17.2,17.2,17.2,23.2,22.9,22.9,23.1,25.1,24.7,27.4,27.5,27.5,28.5,54.2,61,66.1,64.2,64.2,65.1,67,67.1,67.1,62.5,63.4,65.3,65.3,65.3,65.3,65.7,65.7,65.7,65.7,62.3,62.7,62.7,62.8,62.7,62.7,63.6,61.1,61.1
Zambia,35.2,35.2,35.2,35.3,35.3,36.6,37.4,37.6,37.1,37.1,37.1,37.3,37.3,37.8,38.2,41.9,41.7,44.7,44.7,44.7,44.7,45.1,45.1,45.3,45.3,48.5,48.6,48.6,48.6,48.6,47.5,47.9,48.8,48.8,47.9,49.8,48.3,49.5,50.5,49.5,49,49,48.4,53.8,55.9,53.2,51.7
Zimbabwe,21.3,21.3,21.3,21.3,21.3,40,42.8,44.3,44.2,44.3,44.4,44.6,44.7,44.6,44.6,43.7,45.9,46.2,46.2,46.2,46.6,46.6,46.8,46.8,46.8,49.6,49.6,49.6,49.8,49.8,50.4,50.4,50.4,50.4,49.5,51.7,52.6,52.6,53.1,52.7,52.2,54.6,54.3,53.8,52.8,52.5,55.6
